name,Label
95b8815142fb1d70342e906a97d8d9aec6d5a855cb35e90da9b2dce5ffddc322,Malware
92dd37589ec2b6ed28d709d4fa34fbdbfdb1204291c72ade15713da2a09c5c74,Malware
91e48156bc1e0aa8747aa85171b6edac781c79e2a2e9cc54e1059436bd2bf427,Malware
9e578903336fa06a72e60ecfb78083db5e95c1a99fd60d6329bba240a0d78638,Malware
91ef936603e63e38bc66917a579fe64dcdebe5dd9f4af3838d7670e72beb0157,Malware
9e5bc80c104a67436cc943dd72e381150ba9108a086b8edb6958fa9b83803b1b,Malware
9e5a931d84f1149348140d8b90696cc486e5ad1eb05ee6b8c8ec0aecc60375c5,Malware
9e52a629a458390b152da6a3fcc460c2aede37834f27daf604a3d86b676e958a,Malware
8a95b2ad2ff4e143be51fbfb89113a6ae6c6466e3157ab99b3a7e8a72c241d63,Malware
92d85410a1c7f31817bb7881e5b32689698cc3bbf8aa46b86a0422c8944fd4f7,Malware
9e5104c41f19d648613b0ff969ca3179c9fd0de9d067b485e68dd81c5969fba2,Malware
9e5d4c2dcfe7076741843829a6615cb655fa80fed821adb5fb88a9d36a1a0289,Malware
9e5e78f76365d05fd54e51b0bfdfecbaa7566c0be8525f631abca9bee29c3194,Malware
8a9d2b5f0d22049ff9d38b43f773c1f12d6af0beaf7a5c09b315f30904991b41,Malware
92d43b541deeb9315be1be3e3315195b3e995b5ea6338dd54102caf54c17ac40,Malware
92de587c6cc1463d58d89e0dffb5047fbe8dabdc1cd724259e5e34190579eff0,Malware
92d79684ed5f1fc379ee46c24b402ee1d6211d3c37adc73e7112a27922fc455b,Malware
92d1f317262e80181d037cd85da7d52fb9c34ce6c5428122eaab76bd1f5019d2,Malware
8aba6334e608839ee99d6334ec084818626b09894f6ed197010673dd8a5204df,Malware
8d9a7a6dfc428195abfa13f12413fa326cd26c56e306e81400b3d385ff08a570,Malware
8d9108cd330cada4c0e52a86baad5f51fa181a1f2b94c14e83db9ddc1b95a409,Malware
8a96514d5e2bec67a19300522114273c7d34e5a3f8311ccc6c2432b7af35dab4,Malware
9e5a4cebd2dc5072d3a769e39a34dbe2cfd52e988c30c01d6064f5e934aa9e2e,Malware
9e5bf14fa6186e5002c920ce6fac15f91269abac9cc91d19271ae73dd1f286c9,Malware
9e59a4f542e4dc8a45e05a20e6a1fdd2debde38ed62f44b033064af4254aedc6,Malware
9e5e7b936544562ce0a6627c2f10b3b194c46a8a8cc2049fd28f27d2a3514f39,Malware
9e553a37541989f9b9ec99b2a2fab4d3ceddcbc456fe18c9fa4b6a362c1208ff,Malware
8a9c0fe0c0f6c4fc0a25060c0a114dcf674145894234b42641aa8befeacfe8b8,Malware
91eafe1c351e388d49175f25acfcfb06b0550d25bab5e0d80baeb5f6bf374ed1,Malware
9e551e63e34f30224ae054c7fdd44dd32b679e87044904969aac4093808f856c,Malware
9e56b2e3b039948d4c569e1280b2e1b85a2c4e3eeb2e5090943c5e59b45dad0c,Malware
91e6ed0c368fb3a04cbbd166d4a7396f5a043d63981b94bdd1940d52993de277,Malware
83fb8668fcd2bcb7a98d32522febe876b1359a9ae8f8ea4d9be728cbf01a17e8,Malware
8d998b10d456034abe941eb4196f4c05b693e016fca92a45d4be47daeb9dbc4b,Malware
8ab8618c4d9a0651a6f4419a09631348f64d896c235ce14cab063dfa185c7f1d,Malware
9e5ddd24db069fa9e808f37bcd732665df2c3e07466acf1ffc548be36f7361d7,Malware
95bc6f083513560fa3595920738fce466b22ff5f0df42c2d6d271da654f30236,Malware
83fcfda4737e61ee13f454ba5ede10a7837ec5fe5dfd9d260a499622c06de23f,Malware
9e5ec7e31e8220960fbcb1cd2ddbe0ece8b5150fc5f610109c595f2641a3ef60,Malware
9e50a100fb74c8e76885ff21043a83152d3c5747b2f81985dd0f49eaebd2ad11,Malware
9e5faa46052e59557f1532f20c8659ff9a077c27f4b5156756bc55b9edda442f,Malware
91e31bf14a0bcdf34521bd5b4720fea821c83abc3f5dd64b683128180d38c3d2,Malware
9e528bbe7e1d48f55d36ffc3b8015f21e8484bf594728f6463926ee9ae08ef49,Malware
9e5d004dc5c35bc879c8d5a227da66fd8359f191771772f78f3984e4a5b9a14c,Malware
91e91f1f0743d939bb0adb7cd057f442cc726905686f2ea85a40d2d477d1b7af,Malware
92de94181d2a94c6eae8d79b7a1cadfd9cbd1c1e914be1169b6b9a6c6885733b,Malware
9e5d803578772f8c38b64fa5d18cd6a000c165c4c6c9f3551abf7bb01a136123,Malware
95b2ee053a1a82305c73e6f18d571171052189c662813407655ed4339c1fffeb,Malware
9e5357db19dafb3cac627c97d92de228a3162d82d134fb8376f166a547dcd112,Malware
9e5516126848875ed74441ce24c61ab6020ea3dd7be7b9eb735b86ac306a1d1d,Malware
9e55be36dfc342f482d21984626e1ee85ea27b65bdedd3ca11c756cdb4d55d0b,Malware
92da34e3bed8a3d5cdfd237c8ebd7ddc351f675571b956948753712da404837d,Malware
9e5c32003ba335962fb4d2c4f75539facb29ee213915a8f9e1d1bc673dd695c0,Malware
8d9da72e573d56e3b3e4a6494ad704bd9c063385083ed778f6bb645eaa9800f0,Malware
92d6c208c07b09be47b761453a6179fa769587d83c070e7be7e4e21b31923166,Malware
92d1275fe093ba40927e9f2fb8be2a8a658187f0785b82a35a41e2607e80ee7b,Malware
9e5432dfdb479e4a411d71c5ea2722a334ef20c8d976315d5fdf7d30db93a870,Malware
9e549402894ad64ae93f805089a19475212dbfd2bb7dc412f57ada2c9491f25a,Malware
95bd609c6667aa9ea4ae11274f2c93ceed6230dbb1a187ba00253d53b9997462,Malware
8a9ffb9dbd0c659910beb618b3d4db8a42b9cd2d9aaca959951212d9a2f350de,Malware
9e56c0dd8a2a3c278aa890813fd994d36a3681eb3a03734b4048dab618e5c594,Malware
9e5369f6e8617ce3a64fbf7661d5fa6d497f84d82fd93e879328c691655c2855,Malware
91e66ac77a4a6d19f016c226dda5cc9c3b83282f65e1f5189f515caf395ed9ba,Malware
8abafc57cc0a68db31b0b737e67a724b89bc0b6178e570372d58deeedff5a4c0,Malware
8d90e145cca33fc9be483fe4aebeed55a9a7beaf25a1904f00918bf2fe648541,Malware
9e5c520b6dcebedf58882dca9bc5d24f2e6da297f60bce9737b50cadfa6a845e,Malware
9e5231d03b5cab4ba63a59beaa0ab3f47e4a153c748e65ac3c591fc85a3257eb,Malware
8ab88127310f1e4f5e366137f75fe80a8c31d24373e67ae5e0a47a9b43e975d6,Malware
8a923796ebba35678799c914ab08a96bcbc91b45cb238efb6893b163239ddf4f,Malware
9e59ac3dd2606f47836652c2a6cacc93c6b03684a1963c6d87f8d4eb720a6a50,Malware
9e5954c240b25dccdd756782992ab78226f7c481d6704e5cf058ab63b62b487c,Malware
92d2b8cfc962f1b461868f352b3f4f5029a8c9e768e7dac1ea91feb0719615d0,Malware
8ab4db5835d0aaed743be461574e7b149691ef5487527ae298d7588a9b5395e9,Malware
95b2de2655d9e40c7259f3186fece93fef69a43b433e8590e0592ec6e995a4a3,Malware
8ab6f5b72c159e06c567f03ab786dd302dd8ebdef257e21aece6064b6fd8c554,Malware
83f7d802da00a42ca37be4775559a83cd230c9426bf6a80bad89d9fbd8e51d3b,Malware
95b29e7de0813bc0a5734ac516bcf50dba63b584a6c9fa747dac7887f73fb473,Malware
9e56adceb4043fd1a2d471a11925ead61a0c82ef93b07e0d9f1801ec6b4da100,Malware
9e5cb2eededf0009b5345fe9d1b3b13574cdb6b0f037e0b383a1f7d84db5c888,Malware
9e5f0fa88a6f58d620a9d42d46647e6c164420b97a2e9bf608f81f7a3564bcbe,Malware
9e56ed9568b0ce4bd9671e3b62da7d20d1cb3de8bfc7095a3a5aa92f7b0fa116,Malware
8ab822472c878110ddfe003c78232199d37b5064a3390e2e5671b090da279852,Malware
95b6e1140ff3e69cd4d58936ffb4abb9c1cea018268cebe970a333a8cfa5879a,Malware
8a92f2e336cb59e639336640a3bf64a7da44d27d6d4aa6dad3071407c9163b39,Malware
95b471d3f011c9637ab81fb2e140b9d4cda38b92720eb59b8325e8ef90b3b74f,Malware
91ef34e9adde2fa170f75400ee250f8142cec8fcfd70a0eae860e473c9ec6e00,Malware
83ffd6a2a913daa7b15323a75b50d7f1a92f523ca98f115581abb618e6e7f270,Malware
9e58cd027a58687f68c0efa7c2c00382cf18460d41f9846d1b8d954c80b38207,Malware
92df90aa17cb7b5459e748bcccbada4f26d7965b3c6301a49b55bb54a692312f,Malware
8ab0608ef90da90705a082f380509322906553c41949f7c84d03b58924e7f51a,Malware
9e5d60ccab7dc981d25ac95492f4b7670185ec92c80a637304b0cc1413ef7ba3,Malware
8abfc38daf102473aa0de72ee8bd753839c60da24d96a05bfada66a3b72c27d1,Malware
9e5cafe3bff21ccfda2a30e05566e31f36c20f55c760515f2cb398ac482f9386,Malware
8d92b405427d36ca89a8e65e7d10d895e97a2c0a45eced794632750bcffe0bc6,Malware
8d9ff3b36c2b67173f88c5444aed267ca8f6a6b491b6c1b26015b9e4ee1b13d5,Malware
9e5ab89541920478b7ba368f2418c13cefb754ba30054779d129012dc3af9845,Malware
9e5a874b1546c622a02a2c151945b105659e3fa4df4c6236088a08fe5f5c8e97,Malware
83fb150e1184a103f0326a3fd61a83a8a5ea2479a1f250dc9cbe0e393a915d9b,Malware
83fd1bae16c863cded0236a33c082dc7d5227896775af0bded8eba845804bea3,Malware
9e526f8e48a1beb9693235f874b49dc0517495c1011048e1c5b088572182c06b,Malware
9e5c30a68f966ed15208fd94c2a62d9d529b8db96aea9b3b142cad3d467a2fbd,Malware
92d0dd5dc63e5c3e04c5135b23803d612bc9088751fd1ca06ab1d684786abede,Malware
9e545d6af646240ab151e105257f78c4e124d8ba9641d149b5106aeb8f2790b3,Malware
9e58f5b5bac4e06dcf787bc69f7231e29f64c59715a63e6932592a3c4b8d583e,Malware
8a960ba45ebc69affac827db0d3811c326e79dda5ab862892e80b0f84e2777bf,Malware
92d42529ddbad56c3301d77c2066cb9b34866789124824b534f9e6a47e6510fa,Malware
83fb33a13bb9bfd48dea911d46c198b55a22931629685f4daf98b78368bdbb36,Malware
9e5d4198b93b9f2e178c4c999ae3da46a5c7035034480a01a0dd9008ca020b1d,Malware
8ab3215f4c58f1614e484ff4b1fd7ae3dde0f7dfc1fd2968b399d37aeac62677,Malware
9e5cfe2b7d44063c29dd3e5c9d091f2e8c698ee53b15b8a8c5f097cab7bd6cf3,Malware
9e5869215e7a9353401667fad8f0c07e71937738b682f44b2de3d2bf7934786b,Malware
9e5761ad0f498112d01065c9ed62c8a1ebdafdb23d3936cd8f509de00987f19f,Malware
8d96bd6af8190db019d6d7ac2304a5e9e5a9ac5f215a71f7969fa76df365a3eb,Malware
9e5a37cf751f17553357bc83893bdd773212c389a29cda7e431cf1b16fc69334,Malware
91e7e18f93018b6762bbb952eed7f486b82471c35e6dae862220a1a9944f1e44,Malware
9e550fe13ef9ab6763feaa9f5e93f6cce0bcaef1a7799c7d8f6ba797cb4f2bba,Malware
95b6c7c7d72c829c0947464a7f4d0fb4ff072c5b03cd36f5824eeccba61d1bb6,Malware
9e5fb4e9fdb7c4301460c2d0ab463384696d96745d4b586b8179f25d4e9f162d,Malware
9e5bee4a7236ddba236e647bf8bbc7a9aad5852f8b5417b1e5210dff02cbcfed,Malware
9e56324f729c0163497702eaf6140377fae2da2c6b22f78e5f57b0eff053f815,Malware
91e790613e4b9398be524b936db04f0310eb38f78716afae260a34840dc7be7f,Malware
9e59594968c0a87b0a828d9589e950b2f40f016568101d1ae9634c04d5f6dc07,Malware
8d961e68eb66b9561fb4e27487bcd3ad15486b1cfc5d2237c919498294c5ccfe,Malware
83f0c794204a3ff776a628d26e7b494d2626aeb184223416e73f6a7d1a7e695f,Malware
9e5ab517e12ccae2630b447aa681a89a2055b3f7af8c80b082a84aaf1d010f98,Malware
91e490f0dac2f49853839d33949c49b14b3d0ac5e04d5507a4058881d90b9381,Malware
8a99903ce066ee0182f44c1d9ac3322b9ab3046a4f1659be85fbea9dd49b9dc7,Malware
92d97191e69c8d6da56da126f3acca44828813dd0d94c8cab115c144a44ce34f,Malware
8d942180b1724547bf50b0a53025af48c59186190871c5292ccc073df36859fc,Malware
9e56f174561459caa00ba77321017c220b0dce69686598ffea7bfde8c602c2c1,Malware
9e51d4a5f1ad670be010d447349d8bddb026dc682c7efc6ac707f2813a20ef99,Malware
9e5941ce92a80badac31ff27e39e23f044e19babb0c4a44cbaef0428fff53f3e,Malware
83fb595401b4f40a2f464134bd12fbd9d8b6044b664d5dee151f5aa7b0b0d297,Malware
91ecb28f1cfd54f0997c9d7566321d4c3218bdf10e96153469de6c56c8233873,Malware
95b4844a40ed59e8185208c02c563fcaee72c72b36a17de9370de8d36e3e2f42,Malware
9e56b480c7f35501ed09b053006ba91bdbcabf8b75ea4d88dec7d3bdab4508ee,Malware
9e53793ee35ce7d80b1dda39b469a36b4739493808295997408d5d8f9cb3ff9d,Malware
91e39f0b691f868a0521641647894f3fc295c44413faaf61a8674fc899d1ca9c,Malware
9e5c37f2a23399edd49bd43d4d69c0f2503fa7c2d3a8393cb2ee0a790d32d439,Malware
91e47a3899504f36452e60949824f8e4b479c5a075e825b3b7de1f49bf33123a,Malware
9e5a8c4000d0a261535c9460dd4d1d2aea03cedc4176454f942cdf85a32e0af9,Malware
9e58670234b62dfc97e1a8a85c6880b55dfd5908fb6230c83f42391c3ca3832b,Malware
9e55b35597ee29197a24ecfa6030f94255ec8c10029b626f0d275aa0055073fe,Malware
9e55cf8f605de8f48881e8c01eae0c53ae700f73435e99fb756643b945cb70cb,Malware
9e53aa7a3212ce39cab1da1dcbfb1ee7ba733e7040a01853b763cf26c782e935,Malware
8ab4256573174fbf93dca4fad5a6c79eb0c732a67c8826772570a3eb5b6ff2db,Malware
9e51c8eaddfae57f233746940484e1439894b258570e349ce5713bada53fc033,Malware
9e5bf36f59ad496bb303a372c543eca258e74c6db0b41d0c80519bb056a3f33c,Malware
8a9e24f6a638f028ff3ada542cd690238c5f50a9d7ebe3666f66f55be8d37121,Malware
8ab315d0f6797ef51ee2e02f48b975ce06bafddeae70813bfb998ce9b44d6226,Malware
92d9422e38aaff6af9e4602f8b3533399ee4d260819d9532c63d79135832049b,Malware
91e4bc3f3e98b5047b5452ecd0ee3702fee1bd619a748014f9e6072a426f0f5e,Malware
9e5b53c41945dfeece198c12c6388aee52e022ab31290bae53da025349c81c7a,Malware
8a9e03f14ca839948dfacb217b130a33d9fc47066902c7f40d1d709868fbd5ea,Malware
9e5331716de5c1b021f96cdda8ab7f1ec690a68939c32a55b500a165e572aa7f,Malware
9e5fc367e4d0d311e36988abfc937832210ba1e39742ad78520ebd103ade14f2,Malware
92d24128a45f33bdca5f28eb0319668cb97fb2f8a7e7b72d70a3aa4c897a4975,Malware
8d9eda42f7a5b56e6eec7bc3c5eb945c05dc1dbafdb8abca3290b502d66a5497,Malware
91e62b17a9bfa4dc78a6d8ca37387c96f1eac203453b8db5abb19a5bad046ea2,Malware
92d93f452de93e1f47e32d3ca9729e6e426a0d1d879109c9b29048fb98e68934,Malware
9e54464a376e0a087bc8c3e59f78d0a287fde5ff37d147425a3ddffc6140bb85,Malware
8d9722deeb050fe7c39baeec9ada81f479514bc23fe0d840ebca7fe04a949946,Malware
83fd8a966843a602a6777fbb4d2eca6ffdfa1ea725cae5133971569cf8ad559d,Malware
9e5b1054e55ed946c713ad32544eb02f1931552c5cd9f0ff79c44391a0f2dfa8,Malware
92df3bdfbdb1312b98859e2e53d8b8a17f5b9986a6f60666a4b63a9e63898ea7,Malware
91ede17dfb5ec6bc51032eb8b7ad446f2bb985aa5c024e056b722d5f56c46eba,Malware
83fdd6ecd5f421279d6910475af67f0546482318561e3e6ce950113804372c52,Malware
95bb13e0416b94c527da7efb035b7130f19d0217dbe6f1dbdbc0013ecc9e8e9a,Malware
9e524cf15939564fe6ba6f0b2144e8559b629e4b32e9f70d227d3ee865bf1810,Malware
8ab143b11cc0bc36a629426304145f4f905bc1ac20336ace0ddfc7bc5ab43e69,Malware
8d9cec9708a797321f2aaf178bd718e8a5d2d155901ef62da29a4bfe3af46dfd,Malware
9e5d19ce8f214b502fb4dc17af49d18e80577ce939252ff64c7510c63366793a,Malware
91e2ef851b225cd14ed1925dd928fcf7213ff8cddc95baa63ee982a6f89647bc,Malware
9e556495fc703f949b3d50c188f346d5f5e9a6cf824f4cde86bcbd86bc2b4e9a,Malware
95bbe74a77259cda2a877fede406caa71f647acba68fdea984dc6c13009472e7,Malware
91e6c403ab6e93a33f2cd6a73c4472e33036d9db0c128c527d823c0d294b237c,Malware
91eb6c9025d79bdaff83f5f4866e0f292a7cb4ea5be419b0ee3fa85f3b24a2b2,Malware
8ab9398cb770fac1f29f96d5015c799ea66ca5d63258e7b9b5b30e82337ba6af,Malware
9e560316fdcf3ab2d5cf163031e7aaf088ea5811c0d5f06988eeab17f7a1bc75,Malware
92d0588e1af2906a601c0ab5692304057685abfa7c199bbc293b0f5a8f80354f,Malware
83fd75d3745375af78a369ed94ae79b8938bba656f0c018a24f4e4f045aef2e0,Malware
8a9db45fe4c963131952ac44d259a308c7825009dea1d6126a4eeda43497522a,Malware
9e512a2835768a829884e65d86598d8b9ae2ee8473e00e4c2fa9734b5d6eb030,Malware
8d9bf590c7ad81f52ccdbf2c5411e16803ed5af885d5b33c022c727d18944f5f,Malware
95bd59ac590b78d80447e9fdfc7902233401fd8eb7d3cbbd2ce10d097dcbe8df,Malware
95b9507b599dc4b8268a3a63b2ddd63390ccc9d37fe9efc12bf98e9d6450cf30,Malware
92dddbb5641353fb2f4659b12fa0f59d570b544a7918b23c3258d161fc9544af,Malware
8a953659c282fabe0eea28ff81729ed2a327b4d0ae2aba3b5ece36f291fc68f4,Malware
91ebcb0d779ca9cf06677f028c3b1289fddca10a6da456bfeee61ff50009909b,Malware
9e5db8c72435b7f01f9c07cd808b69c48ff4175cf7101bc68f4e0a2f553064ad,Malware
8a99a4c13ee96de6d116765f2d034d55a54fa9d870ed63f43a762aa37ba5c2e8,Malware
95b5eeb87feb647cdd4aeb9f82adc39006b57f269c55d3c4c2bd8451dd6967fc,Malware
8d9d86d20f0d533e3ddbb671c9251e5584730f77d1d094d732b432c0e873d96d,Malware
8d9b3915d33419bbdf9da87ef4bae6ef1ba062d1643aa27e5282660100410f34,Malware
8a96ce4cc833017ac3a7b1c5677b7b579caffbd7ab9f7881dbf26fea469dc7a0,Malware
9e56a44a628d3e4f0aabf919732fd6f83643506a2c0f9b2735a2e4b97eafa7de,Malware
92d391ce2a2406e37a812af4add3ad611cfb1884be193da4c130e1b7a173e141,Malware
9e5e14192503d8d0017ca188f16872b74658f399048e91328cba6113dc64d684,Malware
9e57298c141c35c6d9039619107c36fc78180f9b68ff02334b96066f8159c542,Malware
8d9f64d19b40a80e19dac182ffe4fb4e055149c462d9f04c93ca78d2fc7c50f8,Malware
9e5bd3a4862aab924e7c94019bb1b4b3a181237c978d26162276f0fc049db1f9,Malware
9e598626fd55d0e86509992ee2637e9865ec06037b9e187bd48ebf1eb6e32a7b,Malware
92de8fbfa43b0215c8bfc1daaf9c59571f24f583a38ac3b272976eb86b93a488,Malware
95b9d35aacc5d612fb02cb38f9f1e4a22a169dafed5e28a017a4c0b764773784,Malware
8ab6564fd6ae6f8e094bda16ba48d6a212ea2968ba09c63f3d111b2f6b8f9015,Malware
95b4c86c6b30432f0eb467b767c6f4629fcb98a99a1e154211174058dfa28b44,Malware
91e28fed9461b6ce5838e25ccb77a9aef619f78e7b387d118ae4df28240818cb,Malware
95b6258a9c2c9f58197679dd8d0c76d05c96dfe021255157f3588ead72d9cf73,Malware
8d92ba1953139dc84916f784d8efae04d305f8efb8a20739c9e42ab2ce1b7e0e,Malware
9e565c14644ccda15fcce6e8d4769fe6ce7ddb2ba29df6b37d2e8ca458cd38ee,Malware
83f9ad260c01b8ad09ad2874af7f7301616e2954c840de6dfd42a7d94de374d2,Malware
92def39b01f1a0e95fbe4e9396d113e2adda0f5486be05133922d91e61a45d4b,Malware
8ab9b3e89e197eb74501edcd2181610531c34d0a8646ed782ffe1b30aaa3ee14,Malware
92d94a2fa6325655c647029deef46d4f129c809f9fe73c6ac4399ba36667d7e8,Malware
9e5dda78717fba5121e0d8c5a316e3ce3500bb098e7428b508430b1b5b069c02,Malware
91e895a7bc138654f483303a2d22d5e88290415cd29b06939ccf19d16ea7b9ab,Malware
9e567a2fa65e3f74f80b80371f0887928f9e209f7eb9b808128ccafe9baeebb4,Malware
95b9b425ba1ba1a3033854240482ebafbe574717fe656b6642e13a29acdf683b,Malware
92d006806df3264fe66f0035b3daa998067b5cccd1f1529a3604f5d3b8fe5377,Malware
9e55762222914931e298645b2284cf2c3835dff7a6982ad0a9eff5509a5a3fc1,Malware
8d9aa0d08f41d266ae336b5918014492333222dcf571a391aedec54aaac9e741,Malware
9e5124aad44de35c4e038da5d930745a90e64d4e42163250196ea8898cb93347,Malware
83f820d0935540a4da16fed1809a300060676cab975d74a1dad7a94f3baebf0f,Malware
92d24f4604d2e0f7d4879cf3615ad6c2f44fb624a7b569619227ffc115516ebb,Malware
9e5e9304ec64776915049308c9476babd1556bc7bfdea09c0a71cfec27981094,Malware
9e55ca1595bbdb9466a21ea9f99ab25516769925ebd54063985e4c483589db68,Malware
92dc0b4f89b735087f8618e2fc7b98b080a47ffe39971cf7ddb391e88561947a,Malware
8ab88382235f8c8c64c3149e09b4d50586a93387880492d4e05ab916631e1d52,Malware
8d9114ef1e235cb35315b2c964e5ec449ff8916ac4822c0b91c84e1ac7a4c29b,Malware
9e5b9d13eac80db5092ac6bebfc7bfa03832ce696d00e36ddcac022b12f76a53,Malware
95bf1e53796429f04dbc9d631e9c4009a11c5c7f08e045d136a460019b39b093,Malware
9e55025cbedbecb8bb09aaf6a280ec89cd71623572da5ad1cdbdeefc69e38ef0,Malware
9e5657941948fd620dc11d815c1e4685a098df97fc0781bcd48dc2244d9197bf,Malware
9e52f428dbbe6fb74a7487e2659cddc46c30d90a068d718612930d107b8ef158,Malware
91e3be439c0f7eea324b064e232fdd2caaa9c8e40a96cc05703e8e0b823b99a2,Malware
91e1162078902d080e04bf88a046707687e977a50cce344528687ec5c5188075,Malware
92d13f5c7cd6dad97141d48b550354b7665463aa337dd6a38317af23bc95a84a,Malware
9e554a59a35e2493d706918fb58c251617e116c01d050a83427357c9e28f305c,Malware
9e5d541f8f4e5e12c8f712d5070471ddf6dbd2107759e40c8e8ea59272880b4c,Malware
92db39b1cbd0273ba582f2feacae0e890d17e6d543135762078e20a82bc628d1,Malware
9e5b3f1aa779f23ebf1d5c9f328e78221b9e907662ee572bbc1b38aaeadb5583,Malware
83f95d539b0260ed3616685c2a586e9c367697c5c0d8b7d7f3b160572c635dc6,Malware
9e594e615126155515e072624615282b80ff3b5c8ab078211596f665a2c2e06f,Malware
83f9a9d5f28f77de9f5b409e0f56adb014066d4403dbe02b48d4cd14c25493ca,Malware
9e574d2466e5f15dcc1039141dce3f69563b46fec84534f6d0df881fac9f4378,Malware
92dc4e16c73580b213c5b63abe377f27b826e0089633c72bfa67a3145eabbb46,Malware
92d6d02a09122964bac1fac9e77745e02afddbacbba0c6ef43403708deaf1af1,Malware
8a9bcda5afe4937fce72d114904cb4ffcffae681b103ff0231873259f3d875c0,Malware
8d9a08bccdf7bef3922cea9c27349da191999b58de5389baf291146c49523031,Malware
8d9f7fb8e8b043060789bd5fdde4c8c3145638f996bc727a82a69d2d2bab6d4a,Malware
83ff777bb8f8a906b8854e1d93dd92476624eeb6c683de392f4afa062aae271f,Malware
8d971f3480dc4cb10b37641f658519a6c683035eb6bdf78a156a12656c8a045c,Malware
83f7f2cd163199508d951afd5cd354815b1cae4771af1e4627acf240b27af2ba,Malware
8d9604e2483fdb4882a391adc2e581c7133028ffc445e109fd04f4e28d66a447,Malware
9e586b2e14d15a4295c0d66bcaa74d74af38eb8e5ec4afc8543d4163b8397e82,Malware
8ab08bb402d845563bc42a1d1fe0a018f72b0b6a2ea6e6c61f1ee5506691a8d3,Malware
8d959cc2ccbfd2b51e4402a2b50c75451255cfa808f7b03f83853db338d02e1e,Malware
8a9c25b8681508f6fc9d19cb2d3b9db3a8f2c4be8a0c8658288b74e198abe911,Malware
92d789c8e8457e786bcc3ac3f67c4196a088d7dfd1ddbcfa4de7c7acdef9ae55,Malware
92db98bbeb25fa382fc14eb4c9691452b669c270c2ea98accf07981f97080bfe,Malware
9e550267d4336e2ee18bdb7167351363a0f032f6ec16c87da1b7a25970b70a1e,Malware
92d9e5d0e340684cf68fc7a8a80f907d812cf814f30ae03bcddfa2b762090002,Malware
9e5cf55253d7739c71b2241f5971d2f6e5be1ca8ac54bd1aa56e3bc9a65e80cc,Malware
9e544e5bfe118af9c44c8eea440466d5696dde2bc949d6e3f95fdaef1b069bf5,Malware
9e53c0078835a9691c7877735958bb6fac01e716f9d75d83a68665ddb5bd4012,Malware
83f6f7a67aff63085d766a59f91b4ea8bc9e75bb7865f2bee21f1de0598a78f7,Malware
91ebc60496e589322b3f77deae103dfdb031dd42164905fd1ea55cd0920dd7d9,Malware
9e585d1ad7d5ba1069cf1dd0c8113a07da2d356d4ad09fa5aa7de6dbc06aa99a,Malware
8a995d00926a44b5a2eb063badbe70aa980a0562cff196c4132d32d3acafb05d,Malware
9e5b4671b05a063730b4640cc3e5e78cf284254e469dca34f0eb2bfa1bdf942c,Malware
9e51ce420ad9b7deeb136c07261bc8adeb6422d6dc7b44ea4e5c27ce6534da12,Malware
8ab6198841c2b691a0b6b99962fd8f25f512a201a3c5aa4b6088c77e4e9104ef,Malware
9e5aa0cec77339f3b1dbbe9ec9215fce8f2b335de90939630c5fdb1a3cf9aa5b,Malware
9e5aeed820318f2c5640560958cd31d23999e987b8f8cee1e3d4b646ade10d1f,Malware
92d8e9141532fed4c1ca6e7c8c7229743d0d1b20595f66876fef3e5500e8e48f,Malware
91e7f13e7148cee715fe1570a619d949f156ec020a58116cd607c266862b0444,Malware
91e3e346c5ec2ec46f9fbbc491e319c67aaac42640ad1eff0c25965deb455d2b,Malware
9e5e190c4ba79e2255851bfbfd585dfbbbe26360f9cf2bffd13190f072509e66,Malware
92d999b1883b899cf218fe21fa6f3dbb8aaa104aaf80e371883b07a0de786c51,Malware
92d3f9b5132feab3184fefb4c279a1719e5a91a4c7cc94b1d8bad776cdcae963,Malware
91e6d2ad0b16af72f9d9ec1d0563261a64f177a916a4f03f940b9dff88801a46,Malware
8ab2a4e190fb7497aac1f91e64998a1bb7486813f4e7f1120437b24d156970d6,Malware
8d9822af00a0e6fcd0f3e4408973d87269a0a5b5ee7a2915f0e98439ce5243c8,Malware
9e5cdcc23aac4332a2644371c434c2ce3785385fd2e0ab2e529db8a392776f3e,Malware
9e54b513f4e41462e4ec010a9ab816ff7046af8d0bc54e42ccbae845a0fcb881,Malware
8a9aa4e177fc693ddf6bac9b638e531613748455bdc081c1c64316a920a32f82,Malware
8a9ef4a8be31dc166a33de196bb1ea898c8ca2265af919b9d39e87efdfa9a148,Malware
95bb092d44c2bdaac2f9db52acac2d38ba1fa34b5f29cca40727a2921f1da2ab,Malware
91e3aa7619a4cd44bd3531718f1fcfe38d015892f0b416451488d695de597cf8,Malware
9e51bac56105e5f4058b6c1ca9934494b8af6b58e51a18a965433d7ddad7906a,Malware
9e50802e6fb4571127bd81ddb6d06631d751e738287cc33d18d8018e3c569ba4,Malware
8a975ab35dfeaeb8a6afb34686901534528c50f0bda7a5c01db61e5de0cdb3dc,Malware
8ab5f280ceeb16fa75cd568260e418030c2766281938659320485a798c54acb4,Malware
9e56346e66aa5959bdd5720722a815b6442dfd10f5dacba42eb6bdd38a1f03cc,Malware
91edea07472184de77a3f63b83250f5ed24eaa0889dc4e33f06b6aaa173a8220,Malware
9e52382981296442e89c3710664315bdcb549adabddd5f3d336a96e941b5384c,Malware
9e5713dcabb8eb79be48f8a10f217c20937502c07c5c59492c5c98e57986593f,Malware
9e5392e157b0b162c5ccbd9a82a584648ba581c33142148408a72fd83304d98d,Malware
9e50cfe098e4d93baef25fb28ccb5855ef3b124083771bc4dcac39b7e0acba66,Malware
9e58b1fb034004ab9fe20fcb18294d36e5fe4b7d8db4aaf1bd11f735152b665f,Malware
sspisrv.dll,Benign
fhuxpresentation.dll,Benign
netiohlp.dll,Benign
prune,Benign
BitsProxy.dll,Benign
Microsoft.PowerShell.Workflow.ServiceCore.Resources.dll,Benign
Microsoft.PowerShell.Security.Activities.ni - Copy.dll,Benign
asycfilt.dll,Benign
mmgaproxystub.dll,Benign
ftpextps.dll,Benign
mssign32.dll,Benign
SecurityHealthSystray.exe,Benign
amidi,Benign
System.IdentityModel.dll,Benign
Microsoft.Security.ApplicationId.PolicyManagement.PolicyEngineApi.Interop.ni - Copy.dll,Benign
Microsoft.Windows.Diagnosis.Commands.WriteDiagTelemetry.resources.dll,Benign
ecryptfs-add-passphrase,Benign
rasapi32.dll,Benign
MMCEx.ni.dll,Benign
Microsoft.Office.Tools.Excel.v9.0.resources.dll,Benign
ntlanui2.dll,Benign
RemoteWipeCSP.dll,Benign
Microsoft.Security.ApplicationId.PolicyManagement.PolicyModel.Resources.dll,Benign
System.Diagnostics.StackTrace.dll,Benign
netstandard.dll,Benign
httpai.dll,Benign
gnome-session-inhibit,Benign
d3d8.dll,Benign
scrptadm.dll,Benign
FXSXP32.dll,Benign
fallocate,Benign
mesg,Benign
muffin-theme-viewer,Benign
MTF.dll,Benign
msdatasrc.dll,Benign
Microsoft.Windows.DeveloperLicense.Commands.Resources.dll,Benign
DevicePairingProxy.dll,Benign
Microsoft.Security.ApplicationId.PolicyManagement.PolicyEngineApi.Interop.ni.dll,Benign
atiuxp64.dll,Benign
ias.dll,Benign
serviceds.dll,Benign
System.Management.Automation.ni.dll,Benign
RemoveDeviceElevated.dll,Benign
intel-virtual-output,Benign
rpcref.dll,Benign
appstreamcli,Benign
lavadecode,Benign
DAFWiProv.dll,Benign
rotmgr.dll,Benign
bt-agent,Benign
opldecode,Benign
provisioningcommandscsp.dll,Benign
msvcp90.dll,Benign
CHxReadingStringIME.dll,Benign
scesrv.dll,Benign
choom,Benign
basename,Benign
padrs412.dll,Benign
setproxycredential.dll,Benign
dgtrayicon.exe,Benign
sppcommdlg.dll,Benign
igd12dxva64.dll,Benign
klist.exe,Benign
sharehost.dll,Benign
IMJPCD.DLL,Benign
msguniq,Benign
dusmsvc.dll,Benign
hex2hcd,Benign
Microsoft.Build.Conversion.v4.0.dll,Benign
Microsoft.Windows.DSC.CoreConfProviders.dll,Benign
showkey,Benign
gtf,Benign
smbpasswd,Benign
Microsoft.VisualStudio.Tools.Applications.ServerDocument.v9.0.resources.dll,Benign
gtscheck,Benign
Microsoft.VisualBasic.Compatibility.Data.dll,Benign
Microsoft.ApplicationId.Framework.dll,Benign
SMTPCons.dll,Benign
reg.exe,Benign
msimtf.dll,Benign
AuthFWSnapIn.Resources.dll,Benign
SensApi.dll,Benign
frprov.dll,Benign
mciqtz32.dll,Benign
qappsrv.exe,Benign
DscTimer.dll,Benign
chcon,Benign
Microsoft.Dism.Powershell.Resources.dll,Benign
shgina.dll,Benign
System.Configuration.Install.dll,Benign
Microsoft.VisualStudio.Tools.Applications.Runtime.v10.0.dll,Benign
gtscompare,Benign
fc-cache,Benign
stdprov.dll,Benign
oclock,Benign
fhuxpresentation.Resources.dll,Benign
Microsoft.Windows.Diagnosis.Commands.WriteDiagProgress.resources.dll,Benign
iscsicli.exe,Benign
Microsoft.PowerShell.Management.Activities.ni - Copy.dll,Benign
Microsoft.Office.Tools.Outlook.Implementation.resources.dll,Benign
idevicescreenshot,Benign
gnome-power-statistics,Benign
dusmtask.exe,Benign
pnppolicy.dll,Benign
loadperf.dll,Benign
System.IO.Compression.dll,Benign
resetengonline.dll,Benign
Policy.11.0.Microsoft.Office.Interop.Word.dll,Benign
Microsoft.Security.ApplicationId.PolicyManagement.PolicyManager.ni - Copy.dll,Benign
gnome-terminal.real,Benign
qprocess.exe,Benign
Microsoft.Windows.Diagnosis.Commands.UpdateDiagReport.ni - Copy.dll,Benign
chown,Benign
MaxxAudioIntelKabylake64.dll,Benign
ngcksp.dll,Benign
staterepository.core.dll,Benign
Microsoft.Uev.MonitorSyncProvider.dll,Benign
resolvectl,Benign
cca.dll,Benign
napinit.Resources.dll,Benign
sensorscx.dll,Benign
Microsoft.Office.Interop.Publisher.dll,Benign
gucharmap,Benign
credwiz.exe,Benign
recovery.dll,Benign
soelim,Benign
objsel.dll,Benign
scardbi.dll,Benign
d3d10_1.dll,Benign
aspperf.dll,Benign
localsec.dll,Benign
occache.dll,Benign
SecurityAuditPoliciesSnapIn.dll,Benign
lltdapi.dll,Benign
slwga.dll,Benign
dpkg-query,Benign
licmgr10.dll,Benign
luit,Benign
samcli.dll,Benign
Policy.1.0.Microsoft.Powershell.Commands.Management.dll,Benign
rtffilt.dll,Benign
ksetup.exe,Benign
RTHDASIO64.dll,Benign
iumdll.dll,Benign
schedcli.dll,Benign
Microsoft.Windows.Diagnosis.Commands.WriteDiagProgress.ni.dll,Benign
desktop-file-install,Benign
msdtc.exe,Benign
System.Linq.Parallel.dll,Benign
sprof,Benign
smartcardcredentialprovider.dll,Benign
bwrap,Benign
print.exe,Benign
ClipRenew.exe,Benign
ptpprov.dll,Benign
cipher.exe,Benign
rmsroamingsecurity.dll,Benign
System.IO.Compression.FileSystem.ni.dll,Benign
netsh.exe,Benign
charmap.exe,Benign
abocomp.dll,Benign
System.IO.MemoryMappedFiles.dll,Benign
System.Reflection.Extensions.dll,Benign
jpgicc,Benign
SimAuth.dll,Benign
msvcp100.dll,Benign
mate-panel,Benign
replace.exe,Benign
Microsoft.VisualStudio.Tools.Office.Runtime.ni - Copy.dll,Benign
pdhui.dll,Benign
AzSqlExt.dll,Benign
dwmghost.dll,Benign
System.ComponentModel.DataAnnotations.ni - Copy.dll,Benign
resourcepolicyserver.dll,Benign
grub-mkfont,Benign
ss_conn_launcher.exe,Benign
libssl-1_1-x64.dll,Benign
fmifs.dll,Benign
sha384sum,Benign
CORPerfMonExt.dll,Benign
grub-render-label,Benign
stdbuf,Benign
ir50_qcxoriginal.dll,Benign
Policy.12.0.Microsoft.Office.Interop.Outlook.dll,Benign
EventTracingManagement.dll,Benign
rev,Benign
sigverif.exe,Benign
getopt,Benign
mkmanifest,Benign
alsabat,Benign
nop,Benign
rdpidd.dll,Benign
smbwmiv2.dll,Benign
fwupdate,Benign
col,Benign
Microsoft.Uev.Management.dll,Benign
pkttyagent,Benign
System.Numerics.ni.dll,Benign
NetCfgNotifyObjectHost.exe,Benign
dasHost.exe,Benign
ip,Benign
securityhealthagent.dll,Benign
btmgmt,Benign
Microsoft.Office.Tools.Common.dll,Benign
offlinesam.dll,Benign
PerfCounterInstaller.dll,Benign
acledit.dll,Benign
printenv,Benign
smiengine.dll,Benign
cryptocme.dll,Benign
Microsoft.VisualStudio.Tools.Office.Contract.v10.0.dll,Benign
oddbse32.dll,Benign
pwlauncher.exe,Benign
SortWindows62.dll,Benign
sbscmp10.dll,Benign
mkfifo,Benign
rpcnsh.dll,Benign
efsadu.dll,Benign
ChsIFEComp.dll,Benign
System.Drawing.dll,Benign
dsquery.dll,Benign
cat,Benign
glxgears,Benign
System.Data.Common.dll,Benign
obexctl,Benign
Microsoft.Windows.DeveloperLicense.Commands.dll,Benign
dnsext.dll,Benign
MapsBtSvcProxy.dll,Benign
cryptdlg.dll,Benign
concrt140.dll,Benign
Microsoft.Windows.Appx.PackageManager.Commands.ni.dll,Benign
growisofs,Benign
srm_ps.dll,Benign
msvcp140_codecvt_ids.dll,Benign
hcproviders.dll,Benign
dmloader.dll,Benign
rdsxvmaudio.dll,Benign
l2gpstore.dll,Benign
hexchat,Benign
Microsoft.VisualStudio.Tools.Applications.Contract.v9.0.dll,Benign
secinit.exe,Benign
Microsoft.WSMan.Management.Activities.dll,Benign
ndproxystub.dll,Benign
Microsoft.Dtc.PowerShell.Resources.dll,Benign
msvcp140_1.dll,Benign
Microsoft.Windows.Diagnosis.Commands.UpdateDiagRootcause.ni.dll,Benign
System.Net.Primitives.dll,Benign
cmstp.exe,Benign
System.Deployment.ni.dll,Benign
batmeter.dll,Benign
swprv.dll,Benign
AdobeLinguistic.dll,Benign
foo2qpdl,Benign
System.IdentityModel.Services.dll,Benign
sessenv.dll,Benign
ExtExport.exe,Benign
powershell_ise.resources.dll,Benign
scrobj.dll,Benign
setpriv,Benign
amdmiracast.dll,Benign
audiodev.dll,Benign
Log4Net.dll,Benign
ddraw.dll,Benign
spbcd.dll,Benign
settingshandlers_fonts.dll,Benign
cofire.exe,Benign
Policy.14.0.Microsoft.Vbe.Interop.dll,Benign
d3dxof.dll,Benign
ccme_base_non_fips.dll,Benign
mkdir,Benign
inetmib1.dll,Benign
mcupdate_AuthenticAMD.dll,Benign
IPELoggingDictationHelper.dll,Benign
srdelayed.exe,Benign
doskey.exe,Benign
rdvgu1164.dll,Benign
ppdmerge,Benign
sqlxmlx.dll,Benign
System.Diagnostics.Debug.dll,Benign
System.ComponentModel.Primitives.dll,Benign
gst-launch-1.0,Benign
keyctl,Benign
peekfd,Benign
localectl,Benign
implatsetup.dll,Benign
gnome-font-viewer,Benign
ngettext,Benign
storagecontexthandler.dll,Benign
mtxex.dll,Benign
pwrshplugin.dll,Benign
iclsProxyInternal.dll,Benign
ideviceinfo,Benign
rdvgumd32.dll,Benign
sbscmp20_perfcounter.dll,Benign
PhotoBase.dll,Benign
Microsoft.VisualStudio.Tools.Applications.Hosting.dll,Benign
Microsoft.Dtc.PowerShell.ni.dll,Benign
CbsApi.dll,Benign
SpeechUXWiz.exe,Benign
Policy.14.0.Microsoft.Office.Interop.Word.dll,Benign
